gerente,119381
ventas,67445
asistente,64667
recepcionista,57679
mercadotecnia,47225
occ,44122
compras,41927
recursos humanos,41775
almacen,41520
contador,40579
medio tiempo,39640
chofer,38905
toluca,38241
arquitecto,37612
capturista,37215
supervisor,36703
becario,34434
sistemas,32589
auxiliar administrativo,31924
atencion a clientes,31675
calidad,31498
director,31445
mantenimiento,30768
ingeniero,27773
cajero,26924
administracion,26776
logistica,26483
secretaria,26284
auxiliar,24876
soporte tecnico,24338
quimico,23828
call center,22664
psicologia,22504
cobranza,22433
pasante,21801
seguridad,21771
representante medico,21336
contabilidad,21081
abogado,18902
mensajero,18878
alimentos,17791
medico,17180
comunicacion,16989
auxiliar contable,16255
finanzas,15779
administrativo,15560
occ mundial,15393
gerente de ventas,14817
analista,14448
ingeniero industrial,14218
promotor,13503
auditor,12745
qfb,12378
derecho,12189
tecnico,11841
asistente de direccion,11742
coordinador,10741
celaya,10699
soporte,10567
produccion,10527
telemarketing,10484
contralor,10365
almacenista,10143
torreon,9963
coatzacoalcos,9879
jefe,9442
informatica,9419
cajera,9360
trabajo,9154
electronica,9142
credito y cobranza,9018
procesos,8899
manager,8773
arquitectura,8728
seguros,8701
mexicali,8331
bilingue,8276
telecomunicaciones,8207
inventarios,8206
tesoreria,8132
ingeniero civil,8132
ingenieria,7990
practicas,7984
automotriz,7961
tijuana,7891
industrial,7852
telcel,7822
nominas,7818
nocturno,7773
practicante,7707
demostradora,7627
capacitacion,7440
relaciones internacionales,7352
ingles,7333
comercio exterior,7330
java,7177
nomina,7061
vendedor,6883
banamex,6857
reynosa,6839
saltillo,6726
comercio internacional,6705
ingenieria industrial,6695
dise%c3%b1o grafico,6620
construccion,6485
leon,6336
sap,6333
santa fe,6326
empleo,6295
reclutamiento,6249
redes,6237
auditoria,6053
operador telefonico,6005
enfermera,5905
trafico,5875
publicidad,5836
fines de semana,5761
economia,5702
cuautitlan,5679
poza rica,5677
hermosillo,5613
ejecutivo,5540
comprador,5529
ecatepec,5525
marketing,5462
costos,5447
naucalpan,5413
reclutamiento y seleccion,5362
ayudante general,5324
impuestos,5306
supervisor de ventas,5288
cuentas por pagar,5280
tampico,5279
ingeniero quimico,5100
pedagogia,5079
representante de ventas,5015
credito,5002
dise%c3%b1o,4958
seguridad industrial,4936
tlalnepantla,4913
eventos,4905
puerto vallarta,4875
supervisor de produccion,4796
gerente administrativo,4670
trainee,4663
chofer ejecutivo,4658
tehuacan,4649
planeacion,4620
asistente administrativo,4513
relaciones publicas,4486
medico general,4425
gestor,4417
dise%c3%b1ador grafico,4410
autocad,4404
edecan,4391
dise%c3%b1ador,4382
ejecutivo de ventas,4359
docente,4329
atencion,4313
comercio,4311
representante,4303
orizaba,4284
recepcion,4190
ingeniero mecanico,4187
jefe de almacen,4150
actuaria,4144
distribucion,4103
preparatoria,4065
bancomer,4040
occ.com.mx,4019
banco,3948
morelia,3910
importaciones,3876
atencion al cliente,3875
obregon,3858
irapuato,3852
nextel,3793
turismo,3786
aeropuerto,3785
oracle,3779
quimica,3738
analista de credito,3721
gerente de sistemas,3690
operaciones,3688
farmaceutica,3682
proyectos,3672
adecco,3668
bimbo,3655
asistente direccion,3654
ambiental,3645
sin experiencia,3639
xalapa,3638
agronomo,3628
chef,3611
archivista,3601
gerente comercial,3550
ejecutivo de cuenta,3535
project manager,3497
administrador,3493
palacio de hierro,3438
textil,3429
siniestros,3341
periodismo,3324
veterinario,3306
contador general,3302
gerente general,3276
cordoba,3255
acapulco,3252
recien egresado,3239
gerente ,3198
imss,3169
femsa,3122
profesor,3112
estudiantes,3107
monitorista,3104
vendedora,3094
promotora,3093
todos,3088
estudiante,3066
monterrey,3062
cajeros,3055
ensenada,3049
actuario,3008
control de calidad,2971
juridico,2969
monclova,2954
auxiliar de almacen,2936
dibujante,2927
gerente de calidad,2923
moda,2873
servicio,2868
gestor de cobranza,2865
chofer ,2848
gerente de mantenimiento,2846
liverpool,2828
cuautitlan izcalli,2817
fiscal,2793
programador,2791
occmundial,2779
asesor,2772
texcoco,2753
guadalajara,2745
asistente ,2719
nutricion,2711
vespertino,2711
polanco,2665
uruapan,2652
coacalco,2639
analista contable,2639
electromecanico,2614
banorte,2614
nuevo laredo,2585
gerente de produccion,2583
hsbc,2568
desarrollo organizacional,2566
ixe,2564
cisco,2563
mecanico,2541
atento,2539
abap,2535
subgerente,2505
gerente de recursos humanos,2501
ajustador,2491
ccna,2477
educacion,2437
san juan del rio,2433
enfermeria,2423
coca cola,2417
ingeniero en sistemas,2416
contador publico,2411
computacion,2401
santander,2383
secundaria,2383
soriana,2376
mecatronica,2367
embarques,2362
php,2358
ixtapaluca,2351
encargado,2326
gerente de operaciones,2322
culiacan,2320
clientes,2316
contable,2285
ventas ,2282
cobranza telefonica,2273
capacitador,2251
legal,2248
capturistas,2234
negocios internacionales,2229
los mochis,2211
becario ,2187
audio,2170
unix,2154
capturista de datos,2150
seguridad e higiene,2145
.net,2139
grupo salinas,2132
bachillerato,2131
oxxo,2128
manufactura,2112
hostess,2108
electrico,2105
auxiliar ,2095
planeacion financiera,2090
servicios generales,2090
residente de obra,2087
consultor,2086
juarez,2085
gerente de planta,2081
portugues,2075
gerente de distrito,2053
aeromexico,2050
demostradoras,2050
excel,2049
editorial,2035
lider de proyecto,2030
gerente ventas,2005
occ mexico,2004
zamora,1996
control interno,1988
gerencia,1968
tultitlan,1964
ima,1957
chihuahua,1955
materiales,1948
puebla,1941
matamoros,1938
chalco,1927
sql,1925
dish,1925
dise침o grafico,1912
iztapalapa,1909
captura,1907
rpg,1906
ayudante,1901
farmacia,1892
nestle,1880
egresado,1878
tecamac,1876
servicio al cliente,1876
axtel,1872
cobol,1868
archivo,1863
valuador,1854
atencion telefonica,1851
psicologo,1846
montacarguista,1839
ing industrial,1831
mazatlan,1813
fin de semana,1811
edecanes,1805
jefe de mantenimiento,1804
gerente de compras,1795
plc,1782
bolsa de trabajo,1778
automatizacion,1775
importacion,1766
promotores,1753
gerente recursos humanos,1752
df,1749
chofer mensajero,1744
queretaro,1735
pmp,1735
lunes a viernes,1728
tester,1710
editor,1705
director comercial,1702
jefe de produccion,1699
supervisor call center,1694
maestria,1691
apodaca,1684
tuxpan,1673
inspector de calidad,1661
guaymas,1654
publicidad online,1647
subdirector,1645
mesa de control,1630
cnc,1629
auxiliar de recursos humanos,1629
iusacell,1627
supervisor ,1627
atizapan,1619
matematicas,1617
medio tiempo ,1610
scotiabank,1608
traductor,1605
metepec,1604
cajero bancario,1602
ing,1598
aire acondicionado,1590
farmaceutico,1584
bancos,1581
limpieza,1567
psicologa,1566
web,1561
lae,1558
dise%u00f1o,1552
residente,1546
obra,1545
trabajo social,1544
gnp,1541
instructor,1522
licitaciones,1519
director de finanzas,1508
laboratorio,1506
compensaciones,1502
itil,1491
lala,1480
cancun,1480
walmart,1474
facturacion,1469
temporada,1469
artes graficas,1465
asistente bilingue,1463
dise침o,1457
servicio a clientes,1447
almac%c3%a9n,1439
santa catarina,1439
caja,1431
sky,1431
gobierno,1431
piedras negras,1427
atencion ,1426
chetumal,1423
help desk,1414
supervisor de mantenimiento,1412
delicias,1410
gerente regional,1398
dise%c3%b1o industrial,1396
ropa,1390
auditor interno,1385
escolta,1385
abogados,1380
dise%c3%b1ador industrial,1372
minatitlan,1368
infraestructura,1365
direccion,1360
pachuca,1360
axa,1357
ingeniero de calidad,1352
tapachula,1345
ing. industrial,1339
jalapa,1332
vallarta,1330
riesgos,1325
asesor financiero,1324
criminologia,1321
nogales,1317
planeador,1316
finan*,1313
investigacion de mercados,1311
mercadotecnia ,1309
transporte,1304
izcalli,1295
gerente calidad,1278
recien egresados,1274
gerente de proyectos,1270
relaciones laborales,1264
cajero ,1263
azcapotzalco,1258
director general,1257
refrigeracion,1255
frances,1254
autoservicio,1252
ventas tecnicas,1252
practicas profesionales,1250
matutino,1246
inditex,1233
gerente de contabilidad,1232
mochis,1226
cctv,1210
reclutador,1209
mesero,1195
victoria,1194
veracruz,1188
biomedico,1187
salamanca,1184
dhl,1184
telefonico,1175
tiempo completo,1173
customer service,1172
encuestador,1171
empleos,1156
ingeniero electrico,1155
preparatoria trunca,1147
ejecutivo telefonico,1146
ingeniero de procesos,1145
biologo,1145
supervisor de almacen,1144
satelite,1141
temporal,1141
bachillerato trunco,1135
financiero,1134
flotilla,1134
plasticos,1133
procedimientos,1132
supply chain,1131
lagos de moreno,1129
recepcionista ,1129
perisur,1119
call center ,1117
toluca ,1116
cuenta clave,1114
oficina,1112
asistente de direcci칩n,1111
pepsico,1107
comercial,1104
inbursa,1101
analista financiero,1098
proyecto,1092
0h,1082
gerente de tienda,1082
relaciones comerciales,1077
jefe de ventas,1076
secretaria ,1063
monitoreo,1061
ing civil,1060
dise%c3%b1o gr%c3%a1fico,1055
maestro,1054
vallejo,1053
biologia,1051
lerma,1051
atencion clientes,1043
facturista,1040
atlacomulco,1038
administrador de proyectos,1036
lider,1034
operador,1032
coordinador de ventas,1031
tizayuca,1029
televisa,1025
cobranza ,1023
comunicaci칩n,1022
deloitte,1016
estadistica,1009
cocina,1003
cuajimalpa,1002
computo,1001
gerente compras,1001
retail,999
aduana,996
visual basic,993
gerente de construccion,991
coyoacan,991
hotel,990
mejora continua,990
mecatronico,987
gerente de mercadotecnia,986
zumpango,984
administracion de ventas,980
ingeniero electronico,973
compra,971
gerente operaciones,970
asuntos regulatorios,968
refacciones,966
grafico,966
atencion a clientes ,965
laboratorista,963
todo,963
empaque,961
dba,958
medico veterinario,958
control,953
becario sistemas,953
administracion de empresas,949
compartamos,948
cosmeticos,944
ciencias de la comunicacion,943
ingeniero de proyectos,942
nutriologa,941
chrysler,931
aeronautica,928
licenciado en derecho,928
cuautla,927
zona sur,923
lazaro cardenas,920
linux,917
project,913
pepsi,911
validacion,910
del valle,907
paramedico,905
controller,904
linares,897
engineer,896
comunicaciones,894
flextronics,894
hipotecario,894
ingeniero en electronica,894
temporada navide%c3%b1a,892
tecnico en mantenimiento,892
tv azteca,891
recepcionista medio tiempo,890
cocinero,888
mba,888
ingeniero en alimentos,885
ejecutivo ventas,884
pmo,881
supervisor de obra,881
progress,881
economista,879
comunicacion interna,878
casino,875
trunca,869
gerente de logistica,868
proyectista,868
ingeniero ,866
corrector,865
asesor inmobiliario,863
todas,860
english,860
catia,860
aguascalientes,859
telefonia,857
jefe administrativo,846
dise%c3%b1ador gr%c3%a1fico,844
optometrista,843
cinepolis,841
nezahualcoyotl,841
afore,839
vivienda,836
ingenieria quimica,835
sociologia,835
video,827
sales,827
gerente de servicio,825
exportaciones,824
zitacuaro,823
administracion ,821
autoservicios,818
ayudante en general,816
interjet,815
danone,812
electricista,811
trade marketing,809
monitor clinico,809
presupuestos,806
servicio social,803
parral,798
supervision,795
sur,793
oaxaca,792
gerente de finanzas,792
compartamos banco,792
tecnico en electronica,789
reportero,787
montacargas,782
fotografo,782
asesor de servicio,777
metalurgico,774
cuentas por cobrar,773
alpura,773
cemex,773
erp,772
promotoria,772
dise침ador grafico,771
tratamiento de agua,765
becarios,765
financiera,764
display,763
investigacion,762
gerente de credito y cobranza,762
relaciones p%c3%bablicas,761
medios,761
restaurante,761
hoteleria,760
playa del carmen,759
net,759
ocotlan,753
aduanas,751
tepatitlan,750
pasante en derecho,746
kam,745
laboratorios,737
chofer vendedor,736
qualitas,734
iso,734
electricidad,730
belleza,726
plant manager,725
psicolog칤a,722
cajas,721
planner,721
it,719
6000,718
biling%c3%bce,718
silao,717
preprensa,717
becaria,714
recien,714
bioquimico,712
gerente de sucursal,712
inyeccion,710
television,709
director de operaciones,709
famsa,709
telefonista,707
e-learning,706
metlife,705
navojoa,704
soporte tecnico ,703
gerente de zona,702
cuauhtemoc,698
desarrollo,697
coppel,696
pagar,694
ing. civil,693
tecnico radiologo,693
tepotzotlan,692
ford,691
pasante de derecho,686
jefe de sistemas,685
industria farmaceutica,682
director de ventas,680
consultor sap,680
gerente de capacitacion,676
peoplesoft,675
geo,674
ado,674
topografo,673
dise침ador,673
gerente de administracion,673
promociones,673
tlalpan,672
cuentas clave,672
bases de datos,671
jefe de seguridad,670
recursos humanos ,668
sox,668
ventas corporativas,668
animador,668
sears,667
ehs,663
electronico,662
lic en derecho,661
grupo nacional provincial,661
adidas,659
el palacio de hierro,659
ingeniero agronomo,659
consultoria,658
ccnp,658
interlomas,655
zara,654
viajar,651
secretaria recepcionista,649
marti,649
oficial de operaciones,648
efectivo,648
mensajeria,646
sabritas,645
pmi,642
instalador,642
administraci칩n,642
quality manager,642
inmobiliario,641
chofer particular,641
cajeras,640
modelo,639
ingenieria mecanica,639
dentista,639
ica,637
iguala,636
practicante ,636
agua,636
gerente de marca,634
repartidor,633
medico ,632
jabil,632
farmacias,631
redactor,629
guardia de seguridad,629
gerente de producto,629
ingeniero de servicio,628
salud,626
campo,625
comex,624
planeacion estrategica,624
motociclista,623
gerente mantenimiento,621
ingeniero electricista,621
superintendente,621
mostrador,620
occ mundial mexico,620
atencion a cliente,618
haccp,615
licenciatura,615
auxiliar administrativo ,612
reclutamiento y seleccion de personal,608
concreto,605
leon gto,603
altamira,603
movistar,603
asistente administrativa,601
capturista ,601
asistente de mercadotecnia,599
purchasing,599
calidad gerente,598
gerente de cobranza,597
administracion de personal,597
autos,595
telmex,595
pintura,594
ge,592
biotecnologia,592
gerente de almacen,590
metrologia,589
capturista medio tiempo,588
telemarketing medio tiempo,588
secretaria ejecutiva,588
lean,587
gerentes,585
huehuetoca,584
preventista,583
ingeniero electronica,582
visa,581
sigma,580
regional,580
macros,579
siemens,578
quality,576
nike,571
tecnologia,568
joyeria,566
analista de calidad,566
seguridad informatica,565
analista de ventas,564
wal mart,564
agente de ventas,563
licenciatura trunca,563
asistente de ventas,562
arquitecta,562
cablevision,560
medicina,558
medio turno,556
arquitectura ,556
tula,556
m%c3%a9dico,554
sql server,554
ingeniero de ventas,553
microbiologia,553
tuxtla gutierrez,553
quimico ,552
cozumel,552
supervisor produccion,551
analista de sistemas,550
dise%u00f1o grafico,549
quimico analista,548
auditor de calidad,548
teziutlan,547
sourcing,546
redaccion,546
inspector,546
asistente de recursos humanos,545
soldadura,544
merchandising,544
documentador,543
diseno,543
encargada,542
supervisor de call center,540
compras internacionales,539
tecnico en informatica,538
sae,538
sales manager,537
precios unitarios,536
asesor comercial,535
director de recursos humanos,534
almacenes,534
negocios,533
sonora,533
grupo modelo,531
asistente direccion ,529
telefonia celular,529
encargado de almacen,527
ingenieria civil,526
supervisora,526
gnc,525
biblioteca,525
promotor ,524
volaris,522
practicas ,522
generalista,521
corporativo,520
responsabilidad social,518
contraloria,518
aseguradora,518
zurich,518
medio tiempo vespertino,518
pasantes,517
xochimilco,516
gastronomia,516
instrumentacion,516
visual basic ,516
comalcalco,514
gerente sistemas,513
ejecutivo de reclutamiento y seleccion,513
multipack,511
tecnoparque,510
tesorero,510
pemex,508
soporte t칠cnico,508
ingenieria electronica ,508
vacante,508
musica,508
tecnico quimico,507
jefe de calidad,507
exchange,506
occ ,506
control y automatizacion,505
tecnico en sistemas,503
delphi,503
modas,503
mecanica,503
log칤stica,503
black belt,502
rh,502
administrativo ,501
soporte t%c3%a9cnico,501
fundicion,501
mecanico automotriz,501
turno matutino,500
lider de proyectos,500
atlixco,498
femenino,498
j2ee,497
5000,497
valles,497
villahermosa,497
asesor telefonico,496
becario de mercadotecnia,495
tienda,495
caborca,493
corrector de estilo,493
inmobiliaria,492
gerente de auditoria,492
taller,492
hospital,492
marca,491
lean manufacturing,490
promotoras,490
contacto humano,489
ingeniero industrial ,489
demoedecan,487
cajero medio tiempo,486
gerente de impuestos,485
industrial ,484
interiores,484
ciudad guzman,484
encuestas,483
cuernavaca,482
gerente de administracion y finanzas,482
vendedores,481
www.occ.com.mx,481
zacatecas,480
analisis,480
supervisor de calidad,480
pisa,479
chofer escolta,479
ing quimico,478
creativo,477
coordinador de call center,477
impresion,477
mvz,475
higiene,474
creditos,474
agencia de viajes,474
coordinador administrativo,473
aleman,473
auxiliar contable ,473
maestra,473
san pedro,473
cfe,471
administracion de proyectos,471
alimentos y bebidas,469
director de sistemas,469
proteccion,468
representante m%c3%a9dico,468
seguridad industrial y medio ambiente,468
tuxtepec,467
banca,467
administrador de obra,467
becario ingenieria,466
nutriologo,463
exportacion,463
temporada navide침a,463
ventas tijuana,462
credito familiar,461
asistente ejecutiva,461
letras,460
asistente recursos humanos,460
administrativos,459
contratos,459
invercap,459
supervisor de seguridad,458
mapfre,458
cd guzman,457
yakult,457
noche,456
tecnico de mantenimiento,455
cobrador,455
san miguel de allende,455
cd juarez,455
tecate,454
excel avanzado,454
 mensajero,453
becario de ingenieria industrial,452
tulancingo,452
universidad,451
mensajero ,450
neza,448
metrologo,448
fotografia,448
carrera tecnica,448
mainframe,446
videojuegos,446
mantenimiento ,444
3d,442
entretenimiento,442
iluminacion,442
contador ,441
inventario,440
analisis de proyectos,440
gerente de servicios,440
urge,438
gerente automotriz,438
supply,436
criminologo,435
cerveceria,433
analista de informacion,433
cajero general,433
inge*,433
cie,432
ingeniero en comunicaciones y electronica,431
merida,431
general,431
pasante derecho,430
ejecutivo cuenta,430
seguridad privada,429
escuela,429
starbucks,428
as400,428
banco compartamos,428
restaurantes,425
softtek,425
los reyes la paz,424
representante ventas,424
bienes raices,424
disponibilidad para viajar,423
becario mercadotecnia,423
tecnicos,422
import,422
solidworks,421
servidores,420
sap basis,420
sua,420
redpack,420
jefe de recursos humanos,419
con secundaria,418
reforma,418
nadro,418
egresados,418
comunicacion organizacional,416
ingl%u00e9s,416
ime,416
recursos,416
estafeta,415
cuautitlan ,415
vigilante,415
derivados,414
alestra,413
gerente de ingenieria,413
servicios,413
director de mercadotecnia,413
qbp,412
sexy jeans,411
prevencion,411
operadores telefonicos,411
ingeniero biomedico,411
informatica administrativa,411
dise%c3%b1o de modas,410
analista administrativo,410
procurement,409
auxiliar de nomina,408
bbva bancomer,408
call,408
occm,407
ofertas confidenciales,407
gestor telefonico,407
promotor de ventas,406
ingenieria electronica,406
ingles ,406
barista,404
apatzingan,404
sistemas ,403
hoteles,403
puma,403
gerente de seguridad,402
analista ,402
lider proyecto,401
tecnico mantenimiento,401
ti,400
telvista,400
petrolero,399
dise%c3%b1o web,399
analista de credito y cobranza,399
diesel,399
sistemas soporte,399
asosa,399
cafeteria,399
derecho ,398
tecnico electromecanico,398
por temporada,398
comunicacion ,398
representante ,397
mac,396
occmundial.com,396
coordinador call center,395
cinemex,395
auxiliar de sistemas,395
bayer,394
animadores,394
cosamaloapan,393
administrativa,393
hp,393
quimico en alimentos,392
metalurgia,392
desarrollador,392
internacional,392
afirme,392
ingeniero quimico industrial,392
analista informacion,392
civil,391
auditoria interna,391
muebles,391
docencia,391
casa de bolsa,391
gerente call center,390
logistica y distribucion,390
reclutamiento y selecci칩n,388
steren,386
investigacion y desarrollo,386
recepcionista bilingue,385
puerto vallarta ,385
administraci蚤,385
tecnico laboratorista,384
samsung,384
generalista de recursos humanos,384
computadoras,383
redes sociales,383
historia,383
ingeniero de mantenimiento,381
guardia,381
mabe,379
iso 9000,379
tkm,379
empleado,378
bioquimica,378
troqueles,378
unilever,377
programador java,377
promovendedor,376
relojeria,376
fibra optica,375
salud ocupacional,375
colima,375
contador de costos,375
robotica,375
ing alimentos,375
callcenter,374
arquitectos,374
bancario,373
tlahuac,373
tuxtla,373
diseno grafico,372
procesos de negocio,372
analista de soporte tecnico y mantenimiento,372
dise침ador industrial,371
capacitaci칩n,371
viajes,371
psicologos,371
prestaciones,370
contaduria,370
gomez palacio,369
aviacion,368
asistente biling%c3%bce,368
vendedor ,367
pasante ,367
occ.com,366
mantenimiento industrial,365
vendedor de piso,365
fox,365
coordinacion,365
encargado de sistemas,364
huatulco,363
access,363
boutique,363
coordinador de sistemas,363
cablecom,363
luzware,362
medio tiempo matutino,362
cd obregon,362
informix,361
prevendedor,361
aeronautico,360
auxiliar de contabilidad,360
buyer,360
captura de datos,360
becario ingenieria industrial,360
salina cruz,359
coordinador de seguridad,359
director ,359
gerente logistica,359
nocturno sin experiencia,358
manzanillo,358
electrica,358
gas,357
maestro de ingles,357
yak,356
sistemas computacionales,355
english teacher,355
coordinador de mercadotecnia,354
director de administracion y finanzas,353
ocesa,353
nokia,352
sigma alimentos,352
gerente de ,352
escoltas,352
san nicolas,352
aseguramiento de calidad,352
enfermero,351
analista de proyectos,351
gerente credito y cobranza,349
proteccion civil,349
auxiliar recursos humanos,349
mesera,349
medico radiologo,348
ingl%c3%a9s,348
dise%c3%b1ador ,348
vinos,348
postventa,348
ingeniero de producto,348
acu%c3%b1a,347
meseros,346
producto,346
relaciones industriales,346
salinas,344
comercial mexicana,343
cmmi,343
narvarte,342
san pablo,342
medio,342
estructuras,341
planta,341
uvm,340
ejecutivo de cobranza,340
power builder,340
literatura,340
practicante de contador o auditor,339
sertec,339
sobrecargos,339
aseguradoras,338
venta,338
lindavista,338
guanajuato,338
infra,337
kpmg,337
metodos y procedimientos,337
becario de sistemas,337
gerente de materiales,336
organizacional,336
transportes,336
gerente de tesoreria,336
arquitecto ,336
almacen ,335
tecnico ,335
cajero liquidador,334
price shoes,334
vehiculos,334
internet,334
cumbres,334
comunicacion social,333
grupo,333
zihuatanejo,332
ing. en sistemas,332
hosstes,332
radio,332
auxiliar de oficina,332
qfi,332
odontologo,331
randstad,331
mkt,331
dise침o industrial,330
auditor jr,329
empresas,329
banco(cajeros),329
seguridad higiene,329
industria,329
cableado estructurado,329
auxiliar contable medio tiempo,328
bar,327
matehuala,327
instrumentista,327
sap fi,327
almacenista ,327
deacero,326
tecnologico de monterrey,325
museo,325
marhnos,325
huawei,325
agronomia,325
la paz,325
business intelligence,324
scitum,324
ingeniero ventas,324
electr칩nica,323
veterinaria,323
forms,323
ejecutivo comercial,323
sobrecargo,323
nielsen,323
representante medico ,322
cadereyta,322
toluca metepec,322
ing. comunicaciones y electronica,322
cliente,322
fiduciario,322
zootecnista,322
grupo lala,321
medico laboral,321
bonafont,321
copy,321
notaria,320
finance,320
cad,320
coordinador de capacitacion,318
psicologia ,318
vendedoras,318
nominista,318
avon,318
compras ,318
coordinador de compras,317
dise%c3%b1o de interiores,317
asistente de compras,316
multimedios,316
aix,316
gerente de restaurante,314
tepic,313
guzman,313
riesgo,313
sanmina,312
credito y cobranzas,312
analista de datos,312
ingeniero mantenimiento,312
gerente nacional de ventas,311
laboratorios pisa,311
gestor de cobranza telefonica,311
daimler,309
general motors,309
instalaciones,309
toyota,308
ericsson,308
encargado de tienda,308
oc,307
18 a%c3%b1os,307
futbol,306
administracion ventas,306
american express,306
reclutamiento y seleccion ,306
condesa,306
six sigma,305
sap sd,305
inmuebles,305
demanda,305
educacion fisica,305
informatica medio tiempo,304
honorarios,304
chilpancingo,303
gerente planta,303
ayudantes,303
ingeniero proyectos,303
regulatorios,303
soldador,303
aduanal,302
presupuesto,302
laboratorista clinico,301
bombardier,301
jefe almacen,301
estudios socioeconomicos,301
medio ambiente,301
agencia aduanal,300
asesores,298
ing en alimentos,298
security,297
 mantenimiento,297
pfizer,297
cardenas,296
flash,296
camarografo,296
ingeniero textil,296
bi,296
analista de inventarios,296
ayudantes generales,296
lubricantes,296
cadista,296
recepcionista zona sur,296
atizapan de zaragoza,294
captura de informacion,294
ingeniero soporte,293
asesor de ventas,293
gerente juridico,293
moto,293
gio,292
educadora,292
encuestador telefonico,292
edecan ,292
carrera trunca,292
servicio a cliente,292
pinturas,291
lomas verdes,291
filosofia,290
laredo,290
practicante ingenieria,290
sorteo tec,289
lic administracion,288
tabasco,288
arte,288
iso 14000,287
capacitacion ,287
mensajero a pie,287
guasave,287
elektra,287
smt,286
 medio tiempo,286
gas natural,286
sap frances,285
mexicana,285
guadalupe,285
cableado,285
ejecutivo de cuentas clave,285
ejecutivo ,284
primaria,284
thales,284
atencion a clientes call center,284
analista de precios unitarios,284
ingenieria electrica,284
avaya,283
base de datos,282
geografia,282
dise%u00f1ador,281
insurgentes,281
quimico alimentos,280
plastico,280
solid works,280
fines de semana eventos,279
preventa,278
uml,278
c%23,278
sap bw,278
testing,278
basf,277
seguros monterrey,277
bbva,277
supervisor de autoservicio,277
casa,277
supervisor de servicio a clientes,277
autlan,277
atenci칩n,276
pl/sql,275
encuestadores,275
 administrativo,275
los reyes,275
c%26a,275
fraudes,275
dise%c3%b1o grafico ,275
microsoft,274
java senior,274
vacantes,274
volkswagen,274
martinez de la torre,273
occ empleos,272
profuturo gnp,272
administracion general,272
licenciado,271
ejecutiva de cuenta,271
total play,271
mantenimiento pc,271
cognos,271
universidad tecnologica de mexico,270
export,270
analista quimico,269
calidad o seguridad,269
provident,268
escobedo,268
tecamachalco,268
ecologia,268
fedex,268
dibujante autocad,268
dise絪 grafico,268
ayudante de chofer,268
cd valles,268
gerente regional de ventas,267
